{
  "timestamp": "2026-02-04T07:13:01.505713",
  "config": {},
  "training_size": 6592,
  "baseline_metrics": {
    "home_win_rate": 0.4851334951456311,
    "random_accuracy": 0.5,
    "majority_class_accuracy": 0.5148665048543689
  },
  "training_performance": {
    "overall_accuracy": 0.7324029126213593,
    "total_predictions": 6592,
    "correct_predictions": 4828,
    "high_accuracy": 1.0,
    "high_count": 169,
    "medium_accuracy": 0.944558521560575,
    "medium_count": 974,
    "low_accuracy": 0.6861809506331437,
    "low_count": 5449
  },
  "model_type": "SabermetricCalculator_v1.0"
}